rennen_name,datum,ort,platz,fahrer
FORMULA 1 LOUIS VUITTON AUSTRALIAN GRAND PRIX 2025,2025-03-16,Melbourne,1,Lando Norris
FORMULA 1 LOUIS VUITTON AUSTRALIAN GRAND PRIX 2025,2025-03-16,Melbourne,2,Max Verstappen
FORMULA 1 LOUIS VUITTON AUSTRALIAN GRAND PRIX 2025,2025-03-16,Melbourne,3,George Russell
FORMULA 1 LOUIS VUITTON AUSTRALIAN GRAND PRIX 2025,2025-03-16,Melbourne,4,Andrea Kimi Antonelli
FORMULA 1 LOUIS VUITTON AUSTRALIAN GRAND PRIX 2025,2025-03-16,Melbourne,5,Alexander Albon
FORMULA 1 LOUIS VUITTON AUSTRALIAN GRAND PRIX 2025,2025-03-16,Melbourne,6,Lance Stroll
FORMULA 1 LOUIS VUITTON AUSTRALIAN GRAND PRIX 2025,2025-03-16,Melbourne,7,Nico Hülkenberg
FORMULA 1 LOUIS VUITTON AUSTRALIAN GRAND PRIX 2025,2025-03-16,Melbourne,8,Charles Leclerc
FORMULA 1 LOUIS VUITTON AUSTRALIAN GRAND PRIX 2025,2025-03-16,Melbourne,9,Oscar Piastri
FORMULA 1 LOUIS VUITTON AUSTRALIAN GRAND PRIX 2025,2025-03-16,Melbourne,10,Lewis Hamilton
FORMULA 1 LOUIS VUITTON AUSTRALIAN GRAND PRIX 2025,2025-03-16,Melbourne,11,Pierre Gasly
FORMULA 1 LOUIS VUITTON AUSTRALIAN GRAND PRIX 2025,2025-03-16,Melbourne,12,Yuki Tsunoda
FORMULA 1 LOUIS VUITTON AUSTRALIAN GRAND PRIX 2025,2025-03-16,Melbourne,13,Esteban Ocon
FORMULA 1 LOUIS VUITTON AUSTRALIAN GRAND PRIX 2025,2025-03-16,Melbourne,14,Oliver Bearman
FORMULA 1 LOUIS VUITTON AUSTRALIAN GRAND PRIX 2025,2025-03-16,Melbourne,0,Liam Lawson
FORMULA 1 LOUIS VUITTON AUSTRALIAN GRAND PRIX 2025,2025-03-16,Melbourne,0,Gabriel Bortoleto
FORMULA 1 LOUIS VUITTON AUSTRALIAN GRAND PRIX 2025,2025-03-16,Melbourne,0,Fernando Alonso
FORMULA 1 LOUIS VUITTON AUSTRALIAN GRAND PRIX 2025,2025-03-16,Melbourne,0,Carlos Sainz
FORMULA 1 LOUIS VUITTON AUSTRALIAN GRAND PRIX 2025,2025-03-16,Melbourne,0,Jack Doohan
FORMULA 1 LOUIS VUITTON AUSTRALIAN GRAND PRIX 2025,2025-03-16,Melbourne,0,Isack Hadjar
FORMULA 1 HEINEKEN CHINESE GRAND PRIX 2025,2025-03-23,Shanghai,1,Oscar Piastri
FORMULA 1 HEINEKEN CHINESE GRAND PRIX 2025,2025-03-23,Shanghai,2,Lando Norris
FORMULA 1 HEINEKEN CHINESE GRAND PRIX 2025,2025-03-23,Shanghai,3,George Russell
FORMULA 1 HEINEKEN CHINESE GRAND PRIX 2025,2025-03-23,Shanghai,4,Max Verstappen
FORMULA 1 HEINEKEN CHINESE GRAND PRIX 2025,2025-03-23,Shanghai,5,Esteban Ocon
FORMULA 1 HEINEKEN CHINESE GRAND PRIX 2025,2025-03-23,Shanghai,6,Andrea Kimi Antonelli
FORMULA 1 HEINEKEN CHINESE GRAND PRIX 2025,2025-03-23,Shanghai,7,Alexander Albon
FORMULA 1 HEINEKEN CHINESE GRAND PRIX 2025,2025-03-23,Shanghai,8,Oliver Bearman
FORMULA 1 HEINEKEN CHINESE GRAND PRIX 2025,2025-03-23,Shanghai,9,Lance Stroll
FORMULA 1 HEINEKEN CHINESE GRAND PRIX 2025,2025-03-23,Shanghai,10,Carlos Sainz
FORMULA 1 HEINEKEN CHINESE GRAND PRIX 2025,2025-03-23,Shanghai,11,Isack Hadjar
FORMULA 1 HEINEKEN CHINESE GRAND PRIX 2025,2025-03-23,Shanghai,12,Liam Lawson
FORMULA 1 HEINEKEN CHINESE GRAND PRIX 2025,2025-03-23,Shanghai,13,Jack Doohan
FORMULA 1 HEINEKEN CHINESE GRAND PRIX 2025,2025-03-23,Shanghai,14,Gabriel Bortoleto
FORMULA 1 HEINEKEN CHINESE GRAND PRIX 2025,2025-03-23,Shanghai,15,Nico Hülkenberg
FORMULA 1 HEINEKEN CHINESE GRAND PRIX 2025,2025-03-23,Shanghai,16,Yuki Tsunoda
FORMULA 1 HEINEKEN CHINESE GRAND PRIX 2025,2025-03-23,Shanghai,0,Fernando Alonso
FORMULA 1 HEINEKEN CHINESE GRAND PRIX 2025,2025-03-23,Shanghai,0,Charles Leclerc
FORMULA 1 HEINEKEN CHINESE GRAND PRIX 2025,2025-03-23,Shanghai,0,Lewis Hamilton
FORMULA 1 HEINEKEN CHINESE GRAND PRIX 2025,2025-03-23,Shanghai,0,Pierre Gasly
FORMULA 1 LENOVO JAPANESE GRAND PRIX 2025,2025-04-06,Suzuka,1,Max Verstappen
FORMULA 1 LENOVO JAPANESE GRAND PRIX 2025,2025-04-06,Suzuka,2,Lando Norris
FORMULA 1 LENOVO JAPANESE GRAND PRIX 2025,2025-04-06,Suzuka,3,Oscar Piastri
FORMULA 1 LENOVO JAPANESE GRAND PRIX 2025,2025-04-06,Suzuka,4,Charles Leclerc
FORMULA 1 LENOVO JAPANESE GRAND PRIX 2025,2025-04-06,Suzuka,5,George Russell
FORMULA 1 LENOVO JAPANESE GRAND PRIX 2025,2025-04-06,Suzuka,6,Andrea Kimi Antonelli
FORMULA 1 LENOVO JAPANESE GRAND PRIX 2025,2025-04-06,Suzuka,7,Lewis Hamilton
FORMULA 1 LENOVO JAPANESE GRAND PRIX 2025,2025-04-06,Suzuka,8,Isack Hadjar
FORMULA 1 LENOVO JAPANESE GRAND PRIX 2025,2025-04-06,Suzuka,9,Alexander Albon
FORMULA 1 LENOVO JAPANESE GRAND PRIX 2025,2025-04-06,Suzuka,10,Oliver Bearman
FORMULA 1 LENOVO JAPANESE GRAND PRIX 2025,2025-04-06,Suzuka,11,Fernando Alonso
FORMULA 1 LENOVO JAPANESE GRAND PRIX 2025,2025-04-06,Suzuka,12,Yuki Tsunoda
FORMULA 1 LENOVO JAPANESE GRAND PRIX 2025,2025-04-06,Suzuka,13,Pierre Gasly
FORMULA 1 LENOVO JAPANESE GRAND PRIX 2025,2025-04-06,Suzuka,14,Carlos Sainz
FORMULA 1 LENOVO JAPANESE GRAND PRIX 2025,2025-04-06,Suzuka,15,Jack Doohan
FORMULA 1 LENOVO JAPANESE GRAND PRIX 2025,2025-04-06,Suzuka,16,Nico Hülkenberg
FORMULA 1 LENOVO JAPANESE GRAND PRIX 2025,2025-04-06,Suzuka,17,Liam Lawson
FORMULA 1 LENOVO JAPANESE GRAND PRIX 2025,2025-04-06,Suzuka,18,Esteban Ocon
FORMULA 1 LENOVO JAPANESE GRAND PRIX 2025,2025-04-06,Suzuka,19,Gabriel Bortoleto
FORMULA 1 LENOVO JAPANESE GRAND PRIX 2025,2025-04-06,Suzuka,20,Lance Stroll
FORMULA 1 GULF AIR BAHRAIN GRAND PRIX 2025,2025-04-13,Sakhir,1,Oscar Piastri
FORMULA 1 GULF AIR BAHRAIN GRAND PRIX 2025,2025-04-13,Sakhir,2,George Russell
FORMULA 1 GULF AIR BAHRAIN GRAND PRIX 2025,2025-04-13,Sakhir,3,Lando Norris
FORMULA 1 GULF AIR BAHRAIN GRAND PRIX 2025,2025-04-13,Sakhir,4,Charles Leclerc
FORMULA 1 GULF AIR BAHRAIN GRAND PRIX 2025,2025-04-13,Sakhir,5,Lewis Hamilton
FORMULA 1 GULF AIR BAHRAIN GRAND PRIX 2025,2025-04-13,Sakhir,6,Max Verstappen
FORMULA 1 GULF AIR BAHRAIN GRAND PRIX 2025,2025-04-13,Sakhir,7,Pierre Gasly
FORMULA 1 GULF AIR BAHRAIN GRAND PRIX 2025,2025-04-13,Sakhir,8,Esteban Ocon
FORMULA 1 GULF AIR BAHRAIN GRAND PRIX 2025,2025-04-13,Sakhir,9,Yuki Tsunoda
FORMULA 1 GULF AIR BAHRAIN GRAND PRIX 2025,2025-04-13,Sakhir,10,Oliver Bearman
FORMULA 1 GULF AIR BAHRAIN GRAND PRIX 2025,2025-04-13,Sakhir,11,Andrea Kimi Antonelli
FORMULA 1 GULF AIR BAHRAIN GRAND PRIX 2025,2025-04-13,Sakhir,12,Alexander Albon
FORMULA 1 GULF AIR BAHRAIN GRAND PRIX 2025,2025-04-13,Sakhir,13,Isack Hadjar
FORMULA 1 GULF AIR BAHRAIN GRAND PRIX 2025,2025-04-13,Sakhir,14,Jack Doohan
FORMULA 1 GULF AIR BAHRAIN GRAND PRIX 2025,2025-04-13,Sakhir,15,Fernando Alonso
FORMULA 1 GULF AIR BAHRAIN GRAND PRIX 2025,2025-04-13,Sakhir,16,Liam Lawson
FORMULA 1 GULF AIR BAHRAIN GRAND PRIX 2025,2025-04-13,Sakhir,17,Lance Stroll
FORMULA 1 GULF AIR BAHRAIN GRAND PRIX 2025,2025-04-13,Sakhir,18,Gabriel Bortoleto
FORMULA 1 GULF AIR BAHRAIN GRAND PRIX 2025,2025-04-13,Sakhir,0,Carlos Sainz
FORMULA 1 GULF AIR BAHRAIN GRAND PRIX 2025,2025-04-13,Sakhir,0,Nico Hülkenberg
FORMULA 1 STC SAUDI ARABIAN GRAND PRIX 2025,2025-04-20,Dschidda,1,Oscar Piastri
FORMULA 1 STC SAUDI ARABIAN GRAND PRIX 2025,2025-04-20,Dschidda,2,Max Verstappen
FORMULA 1 STC SAUDI ARABIAN GRAND PRIX 2025,2025-04-20,Dschidda,3,Charles Leclerc
FORMULA 1 STC SAUDI ARABIAN GRAND PRIX 2025,2025-04-20,Dschidda,4,Lando Norris
FORMULA 1 STC SAUDI ARABIAN GRAND PRIX 2025,2025-04-20,Dschidda,5,George Russell
FORMULA 1 STC SAUDI ARABIAN GRAND PRIX 2025,2025-04-20,Dschidda,6,Andrea Kimi Antonelli
FORMULA 1 STC SAUDI ARABIAN GRAND PRIX 2025,2025-04-20,Dschidda,7,Lewis Hamilton
FORMULA 1 STC SAUDI ARABIAN GRAND PRIX 2025,2025-04-20,Dschidda,8,Carlos Sainz
FORMULA 1 STC SAUDI ARABIAN GRAND PRIX 2025,2025-04-20,Dschidda,9,Alexander Albon
FORMULA 1 STC SAUDI ARABIAN GRAND PRIX 2025,2025-04-20,Dschidda,10,Isack Hadjar
FORMULA 1 STC SAUDI ARABIAN GRAND PRIX 2025,2025-04-20,Dschidda,11,Fernando Alonso
FORMULA 1 STC SAUDI ARABIAN GRAND PRIX 2025,2025-04-20,Dschidda,12,Liam Lawson
FORMULA 1 STC SAUDI ARABIAN GRAND PRIX 2025,2025-04-20,Dschidda,13,Oliver Bearman
FORMULA 1 STC SAUDI ARABIAN GRAND PRIX 2025,2025-04-20,Dschidda,14,Esteban Ocon
FORMULA 1 STC SAUDI ARABIAN GRAND PRIX 2025,2025-04-20,Dschidda,15,Nico Hülkenberg
FORMULA 1 STC SAUDI ARABIAN GRAND PRIX 2025,2025-04-20,Dschidda,16,Lance Stroll
FORMULA 1 STC SAUDI ARABIAN GRAND PRIX 2025,2025-04-20,Dschidda,17,Jack Doohan
FORMULA 1 STC SAUDI ARABIAN GRAND PRIX 2025,2025-04-20,Dschidda,18,Gabriel Bortoleto
FORMULA 1 STC SAUDI ARABIAN GRAND PRIX 2025,2025-04-20,Dschidda,0,Yuki Tsunoda
FORMULA 1 STC SAUDI ARABIAN GRAND PRIX 2025,2025-04-20,Dschidda,0,Pierre Gasly
FORMULA 1 CRYPTO.COM MIAMI GRAND PRIX 2025,2025-05-04,Miami,1,Oscar Piastri
FORMULA 1 CRYPTO.COM MIAMI GRAND PRIX 2025,2025-05-04,Miami,2,Lando Norris
FORMULA 1 CRYPTO.COM MIAMI GRAND PRIX 2025,2025-05-04,Miami,3,George Russell
FORMULA 1 CRYPTO.COM MIAMI GRAND PRIX 2025,2025-05-04,Miami,4,Max Verstappen
FORMULA 1 CRYPTO.COM MIAMI GRAND PRIX 2025,2025-05-04,Miami,5,Alexander Albon
FORMULA 1 CRYPTO.COM MIAMI GRAND PRIX 2025,2025-05-04,Miami,6,Andrea Kimi Antonelli
FORMULA 1 CRYPTO.COM MIAMI GRAND PRIX 2025,2025-05-04,Miami,7,Charles Leclerc
FORMULA 1 CRYPTO.COM MIAMI GRAND PRIX 2025,2025-05-04,Miami,8,Lewis Hamilton
FORMULA 1 CRYPTO.COM MIAMI GRAND PRIX 2025,2025-05-04,Miami,9,Carlos Sainz
FORMULA 1 CRYPTO.COM MIAMI GRAND PRIX 2025,2025-05-04,Miami,10,Yuki Tsunoda
FORMULA 1 CRYPTO.COM MIAMI GRAND PRIX 2025,2025-05-04,Miami,11,Isack Hadjar
FORMULA 1 CRYPTO.COM MIAMI GRAND PRIX 2025,2025-05-04,Miami,12,Esteban Ocon
FORMULA 1 CRYPTO.COM MIAMI GRAND PRIX 2025,2025-05-04,Miami,13,Pierre Gasly
FORMULA 1 CRYPTO.COM MIAMI GRAND PRIX 2025,2025-05-04,Miami,14,Nico Hülkenberg
FORMULA 1 CRYPTO.COM MIAMI GRAND PRIX 2025,2025-05-04,Miami,15,Fernando Alonso
FORMULA 1 CRYPTO.COM MIAMI GRAND PRIX 2025,2025-05-04,Miami,16,Lance Stroll
FORMULA 1 CRYPTO.COM MIAMI GRAND PRIX 2025,2025-05-04,Miami,0,Liam Lawson
FORMULA 1 CRYPTO.COM MIAMI GRAND PRIX 2025,2025-05-04,Miami,0,Gabriel Bortoleto
FORMULA 1 CRYPTO.COM MIAMI GRAND PRIX 2025,2025-05-04,Miami,0,Oliver Bearman
FORMULA 1 CRYPTO.COM MIAMI GRAND PRIX 2025,2025-05-04,Miami,0,Jack Doohan
FORMULA 1 AWS GRAN PREMIO DEL MADE IN ITALY E DELL'EMILIA-ROMAGNA 2025,2025-05-18,Imola,1,Max Verstappen
FORMULA 1 AWS GRAN PREMIO DEL MADE IN ITALY E DELL'EMILIA-ROMAGNA 2025,2025-05-18,Imola,2,Lando Norris
FORMULA 1 AWS GRAN PREMIO DEL MADE IN ITALY E DELL'EMILIA-ROMAGNA 2025,2025-05-18,Imola,3,Oscar Piastri
FORMULA 1 AWS GRAN PREMIO DEL MADE IN ITALY E DELL'EMILIA-ROMAGNA 2025,2025-05-18,Imola,4,Lewis Hamilton
FORMULA 1 AWS GRAN PREMIO DEL MADE IN ITALY E DELL'EMILIA-ROMAGNA 2025,2025-05-18,Imola,5,Alexander Albon
FORMULA 1 AWS GRAN PREMIO DEL MADE IN ITALY E DELL'EMILIA-ROMAGNA 2025,2025-05-18,Imola,6,Charles Leclerc
FORMULA 1 AWS GRAN PREMIO DEL MADE IN ITALY E DELL'EMILIA-ROMAGNA 2025,2025-05-18,Imola,7,George Russell
FORMULA 1 AWS GRAN PREMIO DEL MADE IN ITALY E DELL'EMILIA-ROMAGNA 2025,2025-05-18,Imola,8,Carlos Sainz
FORMULA 1 AWS GRAN PREMIO DEL MADE IN ITALY E DELL'EMILIA-ROMAGNA 2025,2025-05-18,Imola,9,Isack Hadjar
FORMULA 1 AWS GRAN PREMIO DEL MADE IN ITALY E DELL'EMILIA-ROMAGNA 2025,2025-05-18,Imola,10,Yuki Tsunoda
FORMULA 1 AWS GRAN PREMIO DEL MADE IN ITALY E DELL'EMILIA-ROMAGNA 2025,2025-05-18,Imola,11,Fernando Alonso
FORMULA 1 AWS GRAN PREMIO DEL MADE IN ITALY E DELL'EMILIA-ROMAGNA 2025,2025-05-18,Imola,12,Nico Hülkenberg
FORMULA 1 AWS GRAN PREMIO DEL MADE IN ITALY E DELL'EMILIA-ROMAGNA 2025,2025-05-18,Imola,13,Pierre Gasly
FORMULA 1 AWS GRAN PREMIO DEL MADE IN ITALY E DELL'EMILIA-ROMAGNA 2025,2025-05-18,Imola,14,Liam Lawson
FORMULA 1 AWS GRAN PREMIO DEL MADE IN ITALY E DELL'EMILIA-ROMAGNA 2025,2025-05-18,Imola,15,Lance Stroll
FORMULA 1 AWS GRAN PREMIO DEL MADE IN ITALY E DELL'EMILIA-ROMAGNA 2025,2025-05-18,Imola,16,Franco Colapinto
FORMULA 1 AWS GRAN PREMIO DEL MADE IN ITALY E DELL'EMILIA-ROMAGNA 2025,2025-05-18,Imola,17,Oliver Bearman
FORMULA 1 AWS GRAN PREMIO DEL MADE IN ITALY E DELL'EMILIA-ROMAGNA 2025,2025-05-18,Imola,18,Gabriel Bortoleto
FORMULA 1 AWS GRAN PREMIO DEL MADE IN ITALY E DELL'EMILIA-ROMAGNA 2025,2025-05-18,Imola,0,Andrea Kimi Antonelli
FORMULA 1 AWS GRAN PREMIO DEL MADE IN ITALY E DELL'EMILIA-ROMAGNA 2025,2025-05-18,Imola,0,Esteban Ocon
FORMULA 1 TAG HEUER GRAND PRIX DE MONACO 2025,2025-05-25,Monte Carlo,1,Lando Norris
FORMULA 1 TAG HEUER GRAND PRIX DE MONACO 2025,2025-05-25,Monte Carlo,2,Charles Leclerc
FORMULA 1 TAG HEUER GRAND PRIX DE MONACO 2025,2025-05-25,Monte Carlo,3,Oscar Piastri
FORMULA 1 TAG HEUER GRAND PRIX DE MONACO 2025,2025-05-25,Monte Carlo,4,Max Verstappen
FORMULA 1 TAG HEUER GRAND PRIX DE MONACO 2025,2025-05-25,Monte Carlo,5,Lewis Hamilton
FORMULA 1 TAG HEUER GRAND PRIX DE MONACO 2025,2025-05-25,Monte Carlo,6,Isack Hadjar
FORMULA 1 TAG HEUER GRAND PRIX DE MONACO 2025,2025-05-25,Monte Carlo,7,Esteban Ocon
FORMULA 1 TAG HEUER GRAND PRIX DE MONACO 2025,2025-05-25,Monte Carlo,8,Liam Lawson
FORMULA 1 TAG HEUER GRAND PRIX DE MONACO 2025,2025-05-25,Monte Carlo,9,Alexander Albon
FORMULA 1 TAG HEUER GRAND PRIX DE MONACO 2025,2025-05-25,Monte Carlo,10,Carlos Sainz
FORMULA 1 TAG HEUER GRAND PRIX DE MONACO 2025,2025-05-25,Monte Carlo,11,George Russell
FORMULA 1 TAG HEUER GRAND PRIX DE MONACO 2025,2025-05-25,Monte Carlo,12,Oliver Bearman
FORMULA 1 TAG HEUER GRAND PRIX DE MONACO 2025,2025-05-25,Monte Carlo,13,Franco Colapinto
FORMULA 1 TAG HEUER GRAND PRIX DE MONACO 2025,2025-05-25,Monte Carlo,14,Gabriel Bortoleto
FORMULA 1 TAG HEUER GRAND PRIX DE MONACO 2025,2025-05-25,Monte Carlo,15,Lance Stroll
FORMULA 1 TAG HEUER GRAND PRIX DE MONACO 2025,2025-05-25,Monte Carlo,16,Nico Hülkenberg
FORMULA 1 TAG HEUER GRAND PRIX DE MONACO 2025,2025-05-25,Monte Carlo,17,Yuki Tsunoda
FORMULA 1 TAG HEUER GRAND PRIX DE MONACO 2025,2025-05-25,Monte Carlo,18,Andrea Kimi Antonelli
FORMULA 1 TAG HEUER GRAND PRIX DE MONACO 2025,2025-05-25,Monte Carlo,0,Fernando Alonso
FORMULA 1 TAG HEUER GRAND PRIX DE MONACO 2025,2025-05-25,Monte Carlo,0,Pierre Gasly
FORMULA 1 ARAMCO GRAN PREMIO DE ESPAÑA 2025,2025-06-01,Barcelona,1,Oscar Piastri
FORMULA 1 ARAMCO GRAN PREMIO DE ESPAÑA 2025,2025-06-01,Barcelona,2,Lando Norris
FORMULA 1 ARAMCO GRAN PREMIO DE ESPAÑA 2025,2025-06-01,Barcelona,3,Charles Leclerc
FORMULA 1 ARAMCO GRAN PREMIO DE ESPAÑA 2025,2025-06-01,Barcelona,4,George Russell
FORMULA 1 ARAMCO GRAN PREMIO DE ESPAÑA 2025,2025-06-01,Barcelona,5,Nico Hülkenberg
FORMULA 1 ARAMCO GRAN PREMIO DE ESPAÑA 2025,2025-06-01,Barcelona,6,Lewis Hamilton
FORMULA 1 ARAMCO GRAN PREMIO DE ESPAÑA 2025,2025-06-01,Barcelona,7,Isack Hadjar
FORMULA 1 ARAMCO GRAN PREMIO DE ESPAÑA 2025,2025-06-01,Barcelona,8,Pierre Gasly
FORMULA 1 ARAMCO GRAN PREMIO DE ESPAÑA 2025,2025-06-01,Barcelona,9,Fernando Alonso
FORMULA 1 ARAMCO GRAN PREMIO DE ESPAÑA 2025,2025-06-01,Barcelona,10,Max Verstappen
FORMULA 1 ARAMCO GRAN PREMIO DE ESPAÑA 2025,2025-06-01,Barcelona,11,Liam Lawson
FORMULA 1 ARAMCO GRAN PREMIO DE ESPAÑA 2025,2025-06-01,Barcelona,12,Gabriel Bortoleto
FORMULA 1 ARAMCO GRAN PREMIO DE ESPAÑA 2025,2025-06-01,Barcelona,13,Yuki Tsunoda
FORMULA 1 ARAMCO GRAN PREMIO DE ESPAÑA 2025,2025-06-01,Barcelona,14,Carlos Sainz
FORMULA 1 ARAMCO GRAN PREMIO DE ESPAÑA 2025,2025-06-01,Barcelona,15,Franco Colapinto
FORMULA 1 ARAMCO GRAN PREMIO DE ESPAÑA 2025,2025-06-01,Barcelona,16,Esteban Ocon
FORMULA 1 ARAMCO GRAN PREMIO DE ESPAÑA 2025,2025-06-01,Barcelona,17,Oliver Bearman
FORMULA 1 ARAMCO GRAN PREMIO DE ESPAÑA 2025,2025-06-01,Barcelona,0,Andrea Kimi Antonelli
FORMULA 1 ARAMCO GRAN PREMIO DE ESPAÑA 2025,2025-06-01,Barcelona,0,Alexander Albon
FORMULA 1 ARAMCO GRAN PREMIO DE ESPAÑA 2025,2025-06-01,Barcelona,0,Lance Stroll